id,company,title,location,url,source,posted_date,first_seen,category
4565,Amplitude,Strategic Account Executive,Remote - Northeast,https://job-boards.greenhouse.io/amplitude/jobs/8593702002,greenhouse,2026-08-26,2026-09-19T13:32:36.361657,remote
4441,Datadog,Strategic Account Executive,"Chile, Remote",https://careers.datadoghq.com/detail/7131404/?gh_jid=7131404,greenhouse,2026-09-18,2026-09-19T13:32:28.899241,remote
4244,Datadog,Partner Solutions Architect (Colombia),"Colombia, Remote",https://careers.datadoghq.com/detail/7977644/?gh_jid=7977644,greenhouse,2026-09-18,2026-09-19T13:32:28.275520,remote
2982,Cloudflare,"Senior Principal, Sales Compensation Design & Strategy",Remote,https://boards.greenhouse.io/cloudflare/jobs/8024849?gh_jid=8024849,greenhouse,2026-09-04,2026-09-19T13:31:53.536837,remote
2818,Cloudflare,"Principal Partner Solutions Engineer, SAARC (Based in Bangalore)",Hybrid or Remote,https://boards.greenhouse.io/cloudflare/jobs/8024889?gh_jid=8024889,greenhouse,2026-09-04,2026-09-19T13:31:52.111981,remote
2718,Twilio,Technical Support Expert 2,Remote - Colombia,https://job-boards.greenhouse.io/twilio/jobs/8206834,greenhouse,2026-09-18,2026-09-19T13:31:45.899600,remote
2716,Twilio,Technical Support Engineer 2,Remote - Colombia,https://job-boards.greenhouse.io/twilio/jobs/8140436,greenhouse,2026-09-18,2026-09-19T13:31:45.881881,remote
2714,Twilio,Technical Account Manager 3,Remote - Colombia,https://job-boards.greenhouse.io/twilio/jobs/8067909,greenhouse,2026-09-18,2026-09-19T13:31:45.868035,remote
2679,Twilio,Software Engineer,Remote - Estonia,https://job-boards.greenhouse.io/twilio/jobs/7647708,greenhouse,2026-09-18,2026-09-19T13:31:45.569691,remote
2678,Twilio,Software Development Engineer (L3),Remote - Colombia,https://job-boards.greenhouse.io/twilio/jobs/8102950,greenhouse,2026-09-18,2026-09-19T13:31:45.559695,remote
2635,Twilio,Program Manager,Remote - Colombia,https://job-boards.greenhouse.io/twilio/jobs/7895241,greenhouse,2026-09-18,2026-09-19T13:31:45.152341,remote
2634,Twilio,Product Manager L2 (mid-level),Remote - Estonia,https://job-boards.greenhouse.io/twilio/jobs/8136763,greenhouse,2026-09-18,2026-09-19T13:31:45.147880,remote
2619,Twilio,Phone Numbers Operations Specialist 1,Remote - Colombia,https://job-boards.greenhouse.io/twilio/jobs/8120421,greenhouse,2026-09-18,2026-09-19T13:31:44.920868,remote
2615,Twilio,Onboarding Operations Specialist 1,Remote - Colombia,https://job-boards.greenhouse.io/twilio/jobs/8142281,greenhouse,2026-09-18,2026-09-19T13:31:44.865125,remote
2608,Twilio,"Manager, Fraud Operations",Remote - Estonia,https://job-boards.greenhouse.io/twilio/jobs/8088729,greenhouse,2026-09-18,2026-09-19T13:31:44.795645,remote
2599,Twilio,Fraud Specialist 1,Remote - Estonia,https://job-boards.greenhouse.io/twilio/jobs/8132266,greenhouse,2026-09-18,2026-09-19T13:31:44.722097,remote
2596,Twilio,Fast Track Operations Specialist 2,Remote - Colombia,https://job-boards.greenhouse.io/twilio/jobs/8097520,greenhouse,2026-09-18,2026-09-19T13:31:44.693942,remote
2584,Twilio,Deal Desk Senior Analyst,Remote - Colombia,https://job-boards.greenhouse.io/twilio/jobs/8141692,greenhouse,2026-09-18,2026-09-19T13:31:44.594944,remote
2582,Twilio,Compliance Operations Specialist 1,Remote - Colombia,https://job-boards.greenhouse.io/twilio/jobs/7861935,greenhouse,2026-09-18,2026-09-19T13:31:44.581485,remote
2581,Twilio,Compliance Operations Specialist,Remote - Estonia,https://job-boards.greenhouse.io/twilio/jobs/8185918,greenhouse,2026-09-18,2026-09-19T13:31:44.569491,remote
2579,Twilio,Business Intelligence Analyst 2,Remote - Colombia,https://job-boards.greenhouse.io/twilio/jobs/8172319,greenhouse,2026-09-18,2026-09-19T13:31:44.558394,remote
2578,Twilio,Account Executive 4,Remote - Colombia,https://job-boards.greenhouse.io/twilio/jobs/8164465,greenhouse,2026-09-18,2026-09-19T13:31:44.555394,remote
1739,Fivetran,Total Rewards Manager,CRI - Remote,https://www.fivetran.com/careers/job?gh_jid=7992087003,greenhouse,2026-09-17,2026-09-19T13:31:24.354749,remote
1632,Fivetran,"Senior Analyst, GTM Analytics",CRI - Remote,https://www.fivetran.com/careers/job?gh_jid=7994710003,greenhouse,2026-09-18,2026-09-19T13:31:23.082230,remote
1617,Fivetran,"Principal Analyst, GTM Analytics",CRI - Remote,https://www.fivetran.com/careers/job?gh_jid=7994507003,greenhouse,2026-09-18,2026-09-19T13:31:22.923622,remote
1552,Fivetran,"Analyst, GTM Analytics",CRI - Remote,https://www.fivetran.com/careers/job?gh_jid=7994731003,greenhouse,2026-09-18,2026-09-19T13:31:22.220157,remote
1528,Databricks,Strategic Enterprise Account Executive - CMEG,Remote - California,https://databricks.com/company/careers/open-positions/job?gh_jid=8633152002,greenhouse,2026-09-02,2026-09-19T13:31:13.111070,remote
1525,Databricks,Strategic Core Account Executive - Retail,Remote - Ohio,https://databricks.com/company/careers/open-positions/job?gh_jid=8458710002,greenhouse,2026-09-02,2026-09-19T13:31:13.101928,remote
1521,Databricks,"Strategic Core Account Executive, Federal System Integrators",Remote - Washington D.C.,https://databricks.com/company/careers/open-positions/job?gh_jid=8193165002,greenhouse,2026-09-02,2026-09-19T13:31:13.088924,remote
1520,Databricks,Strategic Core Account Executive - CMEG - Telco,Remote - Georgia; Remote - Texas,https://databricks.com/company/careers/open-positions/job?gh_jid=8431459002,greenhouse,2026-09-09,2026-09-19T13:31:13.085957,remote
1430,Databricks,"Staff Security Software Engineer, Agentic Security Engineering",Remote - California,https://databricks.com/company/careers/open-positions/job?gh_jid=7882009002,greenhouse,2026-09-15,2026-09-19T13:31:12.748764,remote
1429,Databricks,Staff Security Field Engineer,Remote - California,https://databricks.com/company/careers/open-positions/job?gh_jid=8612870002,greenhouse,2026-09-02,2026-09-19T13:31:12.745752,remote
1428,Databricks,Staff Security Assurance Engineer,"Remote - Washington D.C.; Washington, D.C.",https://databricks.com/company/careers/open-positions/job?gh_jid=8430837002,greenhouse,2026-08-18,2026-09-19T13:31:12.742751,remote
1405,Databricks,Staff Enterprise Security Engineer,Remote - California,https://databricks.com/company/careers/open-positions/job?gh_jid=8479031002,greenhouse,2026-09-02,2026-09-19T13:31:12.669002,remote
1365,Databricks,Sr. Solutions Engineer - Digital Native Business (Strategic Accounts),Remote - California; Remote - Colorado; Remote - Oregon; Remote - Washington,https://databricks.com/company/careers/open-positions/job?gh_jid=8756686002,greenhouse,2026-09-18,2026-09-19T13:31:12.517202,remote
1353,Databricks,"Sr. Solutions Architect - Retail, Travel & Hospitality","Charlotte, North Carolina; Raleigh, North Carolina; Remote - North Carolina",https://databricks.com/company/careers/open-positions/job?gh_jid=8607059002,greenhouse,2026-09-02,2026-09-19T13:31:12.471894,remote
1342,Databricks,Sr. Solutions Architect - Global Telecommunications,Remote - Georgia,https://databricks.com/company/careers/open-positions/job?gh_jid=8476403002,greenhouse,2026-09-02,2026-09-19T13:31:12.433844,remote
1336,Databricks,"Sr. Solutions Architect - Digital Native Business, Strategics",Nevada; Remote - California; Remote - Colorado; Remote - Washington,https://databricks.com/company/careers/open-positions/job?gh_jid=8615045002,greenhouse,2026-09-02,2026-09-19T13:31:12.412857,remote
1335,Databricks,Sr. Solutions Architect - Digital Native Business (Strategic Accounts),Nevada; Remote - Arizona; Remote - California; Remote - Colorado; Remote - Oregon; Remote - Washington,https://databricks.com/company/careers/open-positions/job?gh_jid=8567963002,greenhouse,2026-09-17,2026-09-19T13:31:12.409857,remote
1326,Databricks,Sr. Solutions Architect,Remote - Texas,https://databricks.com/company/careers/open-positions/job?gh_jid=8417656002,greenhouse,2026-09-02,2026-09-19T13:31:12.379047,remote
1315,Databricks,Sr. Solutions Architect,Remote - Texas,https://databricks.com/company/careers/open-positions/job?gh_jid=8567987002,greenhouse,2026-09-17,2026-09-19T13:31:12.338384,remote
1268,Databricks,"Sr. Manager, Field Engineering - Digital Native Business",Colorado; Remote - California; Remote - Oregon; Remote - Washington,https://databricks.com/company/careers/open-positions/job?gh_jid=8496009002,greenhouse,2026-09-02,2026-09-19T13:31:12.154784,remote
1242,Databricks,Sr. Forward Deployed Engineer (FDE) - Retail,Remote - California,https://databricks.com/company/careers/open-positions/job?gh_jid=8647677002,greenhouse,2026-09-04,2026-09-19T13:31:12.065585,remote
1239,Databricks,Sr. Forward Deployed Engineer (FDE) - Public Sector,Remote - Virginia; Remote - Washington D.C.,https://databricks.com/company/careers/open-positions/job?gh_jid=8657488002,greenhouse,2026-09-18,2026-09-19T13:31:12.056075,remote
1212,Databricks,Sr. Forward Deployed Engineer (FDE) - Digital Native Business,Remote - California,https://databricks.com/company/careers/open-positions/job?gh_jid=8807033002,greenhouse,2026-09-14,2026-09-19T13:31:11.949030,remote
1189,Databricks,Sr. Forward Deployed Engineer,Remote - Washington D.C.,https://databricks.com/company/careers/open-positions/job?gh_jid=8739465002,greenhouse,2026-09-02,2026-09-19T13:31:11.871326,remote
1135,Databricks,Solutions Architect - Public Sector (SLED),Remote - Texas,https://databricks.com/company/careers/open-positions/job?gh_jid=8633741002,greenhouse,2026-09-15,2026-09-19T13:31:11.693957,remote
1113,Databricks,Solutions Architect - Healthcare/Life Sciences Team (HLS),Remote - Illinois,https://databricks.com/company/careers/open-positions/job?gh_jid=8085877002,greenhouse,2026-09-15,2026-09-19T13:31:11.625273,remote
1112,Databricks,Solutions Architect - Healthcare/Life Sciences Team (HLS),Remote - California,https://databricks.com/company/careers/open-positions/job?gh_jid=8231231002,greenhouse,2026-09-15,2026-09-19T13:31:11.622280,remote
1111,Databricks,Solutions Architect - Global Telecommunications,Remote - Texas,https://databricks.com/company/careers/open-positions/job?gh_jid=8755470002,greenhouse,2026-09-02,2026-09-19T13:31:11.619273,remote
1104,Databricks,"Solutions Architect - Digital Native Business, Named Accounts",Nevada; Remote - California; Remote - Colorado; Remote - Oregon; Remote - Washington,https://databricks.com/company/careers/open-positions/job?gh_jid=8569640002,greenhouse,2026-09-10,2026-09-19T13:31:11.585173,remote
1092,Databricks,"Solutions Architect - Communications, Media, Entertainment and Games",Remote - Pennsylvania,https://databricks.com/company/careers/open-positions/job?gh_jid=8755482002,greenhouse,2026-09-02,2026-09-19T13:31:11.548508,remote
913,Databricks,Principal Security Field Engineer,Remote - California,https://databricks.com/company/careers/open-positions/job?gh_jid=8612863002,greenhouse,2026-09-02,2026-09-19T13:31:10.961933,remote
880,Databricks,"Manager, Forward Deployed Engineering - CMEG",Remote - Washington D.C.,https://databricks.com/company/careers/open-positions/job?gh_jid=8585019002,greenhouse,2026-09-02,2026-09-19T13:31:10.842484,remote
874,Databricks,"Manager, Field Engineering - Strategic Digital Native Business",Remote - California; Remote - Colorado; Remote - Oregon; Remote - Washington,https://databricks.com/company/careers/open-positions/job?gh_jid=8458032002,greenhouse,2026-09-02,2026-09-19T13:31:10.821141,remote
862,Databricks,"Manager, Delivery Solutions Architects - Public Sector",Maryland; Remote - Virginia; Remote - Washington D.C.,https://databricks.com/company/careers/open-positions/job?gh_jid=8739519002,greenhouse,2026-09-09,2026-09-19T13:31:10.782618,remote
774,Databricks,Enterprise Account Executive - Retail,Remote - Texas,https://databricks.com/company/careers/open-positions/job?gh_jid=8582321002,greenhouse,2026-09-02,2026-09-19T13:31:10.458377,remote
773,Databricks,Enterprise Account Executive - RCT,Remote - Texas,https://databricks.com/company/careers/open-positions/job?gh_jid=8814526002,greenhouse,2026-09-18,2026-09-19T13:31:10.454269,remote
772,Databricks,Enterprise Account Executive - QSR,Remote - North Carolina,https://databricks.com/company/careers/open-positions/job?gh_jid=8641388002,greenhouse,2026-09-02,2026-09-19T13:31:10.451315,remote
762,Databricks,"Enterprise Account Executive, Dept. of Transportation",Remote - Washington D.C.,https://databricks.com/company/careers/open-positions/job?gh_jid=8816440002,greenhouse,2026-09-18,2026-09-19T13:31:10.414617,remote
703,Databricks,Delivery Solutions Architect - Oil & Gas,Remote - Texas,https://databricks.com/company/careers/open-positions/job?gh_jid=8687483002,greenhouse,2026-09-04,2026-09-19T13:31:10.202984,remote
699,Databricks,Delivery Solutions Architect - Digital Native Business,Remote - California; Remote - Oregon; Remote - Washington,https://databricks.com/company/careers/open-positions/job?gh_jid=8548986002,greenhouse,2026-09-02,2026-09-19T13:31:10.190505,remote
644,Stripe,"Technical Program Manager, Money-as-a-Service",Remote in the US,https://stripe.com/jobs/search?gh_jid=8042055,greenhouse,2026-09-10,2026-09-19T13:31:04.950773,remote
628,Stripe,"Strategy & Operations, Infrastructure",Remote US,https://stripe.com/jobs/search?gh_jid=8171095,greenhouse,2026-09-14,2026-09-19T13:31:04.879311,remote
567,Stripe,"Solutions Architect, SMB (Presales)",NYC or Remote,https://stripe.com/jobs/search?gh_jid=8152145,greenhouse,2026-09-14,2026-09-19T13:31:04.654901,remote
555,Stripe,"Software Engineer, Vulnerability Management",US - Remote,https://stripe.com/jobs/search?gh_jid=8089353,greenhouse,2026-09-10,2026-09-19T13:31:04.617199,remote
444,Stripe,Risk Operations Analyst,Remote,https://stripe.com/jobs/search?gh_jid=7230921,greenhouse,2026-09-17,2026-09-19T13:31:04.216582,remote
437,Stripe,"Program Manager, Security GRC",Remote,https://stripe.com/jobs/search?gh_jid=8078131,greenhouse,2026-09-10,2026-09-19T13:31:04.191713,remote
435,Stripe,"Program Manager, Performance and Talent Planning",US-Remote,https://stripe.com/jobs/search?gh_jid=8127890,greenhouse,2026-09-10,2026-09-19T13:31:04.184494,remote
373,Stripe,"Pre-Sales Solutions Architect, Money Management","NYC, SF, Chi, Remote",https://stripe.com/jobs/search?gh_jid=7370967,greenhouse,2026-09-17,2026-09-19T13:31:03.904280,remote
372,Stripe,"Pre-Sales Solutions Architect, Billing",Remote,https://stripe.com/jobs/search?gh_jid=7728618,greenhouse,2026-09-16,2026-09-19T13:31:03.890028,remote
371,Stripe,Portfolio Pricing Strategist,US-Remote,https://stripe.com/jobs/search?gh_jid=7858811,greenhouse,2026-09-10,2026-09-19T13:31:03.878193,remote
363,Stripe,Payments Fraud Investigator,US-Remote,https://stripe.com/jobs/search?gh_jid=7913406,greenhouse,2026-09-10,2026-09-19T13:31:03.795115,remote
346,Stripe,"Partner Development Manager, Alliances and Channels",US-Remote,https://stripe.com/jobs/search?gh_jid=8165267,greenhouse,2026-09-10,2026-09-19T13:31:03.595356,remote
299,Stripe,"Manager, Administrative Coordinator Program",US-remote,https://stripe.com/jobs/search?gh_jid=8069155,greenhouse,2026-09-10,2026-09-19T13:31:03.093998,remote
279,Stripe,"Integration Engineer, Metronome",Remote,https://stripe.com/jobs/search?gh_jid=8080454,greenhouse,2026-09-16,2026-09-19T13:31:02.913991,remote
278,Stripe,"Integrated Campaigns Manager - Stablecoins, Crypto, and Bridge","US, Remote",https://stripe.com/jobs/search?gh_jid=8067276,greenhouse,2026-09-10,2026-09-19T13:31:02.902986,remote
227,Stripe,Fraud Patterns Analyst,US-Remote,https://stripe.com/jobs/search?gh_jid=7913410,greenhouse,2026-09-10,2026-09-19T13:31:02.384774,remote
223,Stripe,Fraud Operations Manager,US-Remote,https://stripe.com/jobs/search?gh_jid=8175832,greenhouse,2026-09-10,2026-09-19T13:31:02.352909,remote
171,Stripe,"Designer, Web Presence & Platform",US-Remote,https://stripe.com/jobs/search?gh_jid=8130913,greenhouse,2026-09-15,2026-09-19T13:31:01.802253,remote
168,Stripe,Deal Strategist,US-Remote,https://stripe.com/jobs/search?gh_jid=7958150,greenhouse,2026-09-10,2026-09-19T13:31:01.772976,remote
142,Stripe,Crypto Controls and Compliance Advisor,Remote US,https://stripe.com/jobs/search?gh_jid=8188326,greenhouse,2026-09-18,2026-09-19T13:31:01.517355,remote
121,Stripe,"Communities Partner Development Manager, SaaS Platforms",US-Remote,https://stripe.com/jobs/search?gh_jid=8138000,greenhouse,2026-09-10,2026-09-19T13:31:01.247940,remote
120,Stripe,"Communities Partner Development Manager, SaaS Platforms",US-Remote,https://stripe.com/jobs/search?gh_jid=8103952,greenhouse,2026-09-10,2026-09-19T13:31:01.232935,remote
91,Stripe,ARG Engineering Manager,US - Remote,https://stripe.com/jobs/search?gh_jid=8113337,greenhouse,2026-09-10,2026-09-19T13:31:00.651045,remote
85,Stripe,AEO and GEO Marketing Manager,Remote in the US,https://stripe.com/jobs/search?gh_jid=7844214,greenhouse,2026-09-10,2026-09-19T13:31:00.602772,remote
64,Stripe,"Account Executive, Product Sales - Tax",US-Remote,https://stripe.com/jobs/search?gh_jid=8190048,greenhouse,2026-09-14,2026-09-19T13:31:00.384633,remote
